{
  "agent_grad_norm": [
    0.008666839605553582
  ],
  "agent_grad_norm_T": [
    1298
  ],
  "critic_grad_norm": [
    14.628451808249741
  ],
  "critic_grad_norm_T": [
    1298
  ],
  "critic_loss": [
    0.16153903305530548
  ],
  "critic_loss_T": [
    1298
  ],
  "entropy": [
    1.012333631515503
  ],
  "entropy_T": [
    1298
  ],
  "mix_loss": [
    -6.984849452972412
  ],
  "mix_loss_T": [
    1298
  ],
  "q_t_mean": [
    -0.15382521619047332
  ],
  "q_t_mean_T": [
    1298
  ],
  "target_mean": [
    0.089281966763395
  ],
  "target_mean_T": [
    1298
  ],
  "td_error_abs": [
    0.33081905794070204
  ],
  "td_error_abs_T": [
    1298
  ],
  "test_battle_won_mean": [
    0.0
  ],
  "test_battle_won_mean_T": [
    1298
  ],
  "test_dead_allies_mean": [
    9.53125
  ],
  "test_dead_allies_mean_T": [
    1298
  ],
  "test_dead_enemies_mean": [
    0.875
  ],
  "test_dead_enemies_mean_T": [
    1298
  ],
  "test_ep_length_mean": [
    57.59375
  ],
  "test_ep_length_mean_T": [
    1298
  ],
  "test_return_mean": [
    {
      "dtype": "float64",
      "py/object": "numpy.float64",
      "value": 2.6221983343733797
    }
  ],
  "test_return_mean_T": [
    1298
  ],
  "test_return_std": [
    {
      "dtype": "float64",
      "py/object": "numpy.float64",
      "value": 0.6485217279807111
    }
  ],
  "test_return_std_T": [
    1298
  ]
}