{
  "agent_grad_norm": [
    0.008194888164586793
  ],
  "agent_grad_norm_T": [
    1179
  ],
  "critic_grad_norm": [
    4.81081882361884
  ],
  "critic_grad_norm_T": [
    1179
  ],
  "critic_loss": [
    0.09323816746473312
  ],
  "critic_loss_T": [
    1179
  ],
  "entropy": [
    1.0302482843399048
  ],
  "entropy_T": [
    1179
  ],
  "mix_loss": [
    -4.119596481323242
  ],
  "mix_loss_T": [
    1179
  ],
  "q_t_mean": [
    0.4542853927288751
  ],
  "q_t_mean_T": [
    1179
  ],
  "target_mean": [
    0.5795528809836196
  ],
  "target_mean_T": [
    1179
  ],
  "td_error_abs": [
    0.24087604655362066
  ],
  "td_error_abs_T": [
    1179
  ],
  "test_battle_won_mean": [
    0.0
  ],
  "test_battle_won_mean_T": [
    1179
  ],
  "test_dead_allies_mean": [
    9.15625
  ],
  "test_dead_allies_mean_T": [
    1179
  ],
  "test_dead_enemies_mean": [
    0.0
  ],
  "test_dead_enemies_mean_T": [
    1179
  ],
  "test_ep_length_mean": [
    90.21875
  ],
  "test_ep_length_mean_T": [
    1179
  ],
  "test_return_mean": [
    {
      "dtype": "float64",
      "py/object": "numpy.float64",
      "value": 0.23712614067362553
    }
  ],
  "test_return_mean_T": [
    1179
  ],
  "test_return_std": [
    {
      "dtype": "float64",
      "py/object": "numpy.float64",
      "value": 0.3210249141091284
    }
  ],
  "test_return_std_T": [
    1179
  ]
}